gate_max_track_count,sequence,scene,detector,gt_source,engine_requested,engine_served,capability_level_requested,capability_level_served,capability_level_reason,oru_enabled,conf_threshold,frames,gt_object_count,dets_retained_total,dets_per_frame,below_threshold_dropped,ignore_region_dropped,idsw,fragmentations,mostly_tracked,partially_tracked,mostly_lost,gap_count,recovered_count,recovery_rate,mean_track_lifetime_frames,median_track_lifetime_frames,detector_passes,detector_passes_per_sec,mean_tracker_millis,p95_tracker_millis,mean_process_wall_millis,p95_process_wall_millis,association_fps,coast_sample_count,coast_ade_norm,coast_fde_norm,coast_ade_px,coast_fde_px,implausible_velocity_count
6,MOT17-02-DPM,02,DPM,MOT17-02-FRCNN,cost,cost,1,1,,True,0.0,600,59,4070,6.783333333333333,3034,163,265,322,4,14,41,322,168,0.5217391304347826,339.1666666666667,344.5,600,30.0,0.005,0,0.20682664006017148,0.3016840200871229,4834.967099543235,0,,,,,0
6,MOT17-02-FRCNN,02,FRCNN,MOT17-02-FRCNN,cost,cost,1,1,,True,0.5,600,59,6377,10.628333333333334,612,1197,103,134,12,22,25,134,56,0.417910447761194,398.5625,458.5,600,30.0,0.035,0,0.34867389098508283,0.4863340291194618,2868.0094089487834,0,,,,,0
6,MOT17-02-SDP,02,SDP,MOT17-02-FRCNN,cost,cost,1,1,,True,0.5,600,59,9470,15.783333333333333,240,1929,691,871,18,30,11,871,470,0.539609644087256,394.5833333333333,422.0,600,30.0,0.8816666666666667,1,0.6857425419730134,0.9524999768473208,1458.27324220371,0,,,,,11
6,MOT17-04-DPM,04,DPM,MOT17-04-FRCNN,cost,cost,1,1,,True,0.0,1050,83,22370,21.304761904761904,16534,533,1179,1312,6,43,34,1312,699,0.5327743902439024,657.9411764705883,683.5,1050,30.0,1.0838095238095238,1,1.0346430458594114,1.3941500219516456,966.51691035082,0,,,,,157
6,MOT17-04-FRCNN,04,FRCNN,MOT17-04-FRCNN,cost,cost,1,1,,True,0.5,1050,83,25745,24.51904761904762,582,2079,72,108,16,41,26,108,41,0.37962962962962965,780.1515151515151,889,1050,30.0,1.04,1,1.1152527910945493,1.494061027187854,896.6576976853507,0,,,,,6
6,MOT17-04-SDP,04,SDP,MOT17-04-FRCNN,cost,cost,1,1,,True,0.5,1050,83,35771,34.06761904761905,316,1063,528,1318,39,31,13,1318,1026,0.7784522003034902,851.6904761904761,954.0,1050,30.0,2.1352380952380954,3,2.1661308898390934,2.726101956795901,461.65261974279076,0,,,,,66
6,MOT17-05-DPM,05,DPM,MOT17-05-FRCNN,cost,cost,1,1,,True,0.0,837,127,2836,3.3882915173237755,1497,0,142,189,11,64,52,189,125,0.6613756613756614,257.8181818181818,177,837,14.0,0.07646356033452807,0,0.19204496695874804,0.21275499602779746,5207.113812125072,0,,,,,0
6,MOT17-05-FRCNN,05,FRCNN,MOT17-05-FRCNN,cost,cost,1,1,,True,0.5,837,127,3549,4.240143369175628,293,6,53,83,34,57,36,83,44,0.5301204819277109,394.3333333333333,415,837,14.0,0.0035842293906810036,0,0.13541202014979764,0.21534902043640614,7384.868779697431,0,,,,,0
6,MOT17-05-SDP,05,SDP,MOT17-05-FRCNN,cost,cost,1,1,,True,0.5,837,127,4610,5.507765830346475,117,40,125,238,59,60,8,238,157,0.6596638655462185,354.61538461538464,381,837,14.0,0.08004778972520908,0,0.2537125127257617,0.2700429758988321,3941.4689849408487,0,,,,,2
6,MOT17-09-DPM,09,DPM,MOT17-09-FRCNN,cost,cost,1,1,,True,0.0,525,26,3469,6.607619047619048,2110,397,256,211,7,15,4,211,117,0.5545023696682464,247.78571428571428,243.5,525,30.0,0.12761904761904763,0,0.3346574371902361,0.3109410172328353,2988.130215769117,0,,,,,11
6,MOT17-09-FRCNN,09,FRCNN,MOT17-09-FRCNN,cost,cost,1,1,,True,0.5,525,26,2937,5.594285714285714,105,7,19,43,9,15,2,43,25,0.5813953488372093,293.7,297.5,525,30.0,0.1219047619047619,0,0.2836450320180683,0.2264899667352438,3525.5332796955163,0,,,,,0
6,MOT17-09-SDP,09,SDP,MOT17-09-FRCNN,cost,cost,1,1,,True,0.5,525,26,3478,6.624761904761905,38,91,58,200,14,12,0,200,154,0.77,347.8,401.0,525,30.0,0.12571428571428572,0,0.3158388810143584,0.264432979747653,3166.1712984429514,0,,,,,1
6,MOT17-10-DPM,10,DPM,MOT17-10-FRCNN,cost,cost,1,1,,True,0.0,654,57,5203,7.95565749235474,3602,27,321,520,5,20,32,520,342,0.6576923076923077,325.1875,363.0,654,30.0,0.012232415902140673,0,0.28251677768273614,0.41895598405972123,3539.6127911489602,0,,,,,20
6,MOT17-10-FRCNN,10,FRCNN,MOT17-10-FRCNN,cost,cost,1,1,,True,0.5,654,57,8184,12.513761467889909,880,637,297,354,19,33,5,354,178,0.5028248587570622,430.7368421052632,444,654,30.0,0.23853211009174313,1,0.46587095067933176,0.6292060134001076,2146.5171815108943,0,,,,,3
6,MOT17-10-SDP,10,SDP,MOT17-10-FRCNN,cost,cost,1,1,,True,0.5,654,57,10038,15.34862385321101,210,123,425,510,37,17,3,510,311,0.6098039215686275,418.25,500.0,654,30.0,0.7232415902140673,1,0.6263141484008333,0.9338650270365179,1596.6428389863106,0,,,,,1
6,MOT17-11-DPM,11,DPM,MOT17-11-FRCNN,cost,cost,1,1,,True,0.0,900,74,5642,6.268888888888889,2846,102,179,145,14,25,35,145,81,0.5586206896551724,564.2,621.0,900,30.0,0.07111111111111111,0,0.26506602414883673,0.2717460156418383,3772.64495972706,0,,,,,3
6,MOT17-11-FRCNN,11,FRCNN,MOT17-11-FRCNN,cost,cost,1,1,,True,0.5,900,74,5673,6.303333333333334,334,0,59,62,23,29,22,62,25,0.4032258064516129,354.5625,253.0,900,30.0,0.07555555555555556,0,0.25349463006326306,0.32690202351659536,3944.856740162252,0,,,,,3
6,MOT17-11-SDP,11,SDP,MOT17-11-FRCNN,cost,cost,1,1,,True,0.5,900,74,7183,7.981111111111111,110,216,131,224,37,27,10,224,160,0.7142857142857143,359.15,206.5,900,30.0,0.11666666666666667,0,0.3288108143412198,0.5080649862065911,3041.262502279688,0,,,,,6
6,MOT17-13-DPM,13,DPM,MOT17-13-FRCNN,cost,cost,1,1,,True,0.0,750,110,2287,3.0493333333333332,3054,14,281,296,6,28,76,296,147,0.4966216216216216,207.9090909090909,164,750,25.0,0.0013333333333333333,0,0.11693158062795798,0.22084900410845876,8552.009599371679,0,,,,,15
6,MOT17-13-FRCNN,13,FRCNN,MOT17-13-FRCNN,cost,cost,1,1,,True,0.5,750,110,7336,9.781333333333333,1103,3,488,377,32,53,25,377,169,0.4482758620689655,282.15384615384613,171.5,750,25.0,0.288,1,0.4078969022569557,1.0599850211292505,2451.599888272864,0,,,,,9
6,MOT17-13-SDP,13,SDP,MOT17-13-FRCNN,cost,cost,1,1,,True,0.5,750,110,7226,9.634666666666666,306,212,392,351,48,20,42,351,207,0.5897435897435898,267.6296296296296,221,750,25.0,0.29733333333333334,1,0.4070097279424469,1.1928270105272532,2456.9437321689884,0,,,,,9
8,MOT17-02-DPM,02,DPM,MOT17-02-FRCNN,cost,cost,1,1,,True,0.0,600,59,4070,6.783333333333333,3034,163,270,322,4,14,41,322,179,0.5559006211180124,339.1666666666667,360.5,600,30.0,0.006666666666666667,0,0.2143395355475756,0.31820498406887054,4665.4948535056255,0,,,,,3
8,MOT17-02-FRCNN,02,FRCNN,MOT17-02-FRCNN,cost,cost,1,1,,True,0.5,600,59,6377,10.628333333333334,612,1197,103,134,12,22,25,134,56,0.417910447761194,398.5625,458.5,600,30.0,0.03833333333333333,0,0.35118634870741516,0.5006809951737523,2847.4910932062817,0,,,,,0
8,MOT17-02-SDP,02,SDP,MOT17-02-FRCNN,cost,cost,1,1,,True,0.5,600,59,9470,15.783333333333333,240,1929,691,871,18,30,11,871,470,0.539609644087256,394.5833333333333,422.0,600,30.0,0.885,1,0.6798103978508152,0.958271964918822,1470.9983889058587,0,,,,,11
8,MOT17-04-DPM,04,DPM,MOT17-04-FRCNN,cost,cost,1,1,,True,0.0,1050,83,22370,21.304761904761904,16534,533,1179,1312,6,43,34,1312,699,0.5327743902439024,657.9411764705883,683.5,1050,30.0,1.0866666666666667,1,1.0444186720997095,1.4086570008657873,957.4704347152184,0,,,,,157
8,MOT17-04-FRCNN,04,FRCNN,MOT17-04-FRCNN,cost,cost,1,1,,True,0.5,1050,83,25745,24.51904761904762,582,2079,72,108,16,41,26,108,41,0.37962962962962965,780.1515151515151,889,1050,30.0,1.0571428571428572,2,1.1297822192621727,1.5428729820996523,885.1263393515525,0,,,,,6
8,MOT17-04-SDP,04,SDP,MOT17-04-FRCNN,cost,cost,1,1,,True,0.5,1050,83,35771,34.06761904761905,316,1063,528,1318,39,31,13,1318,1026,0.7784522003034902,851.6904761904761,954.0,1050,30.0,2.1352380952380954,3,2.175963912380948,2.718307019677013,459.5664451556994,0,,,,,66
8,MOT17-05-DPM,05,DPM,MOT17-05-FRCNN,cost,cost,1,1,,True,0.0,837,127,2836,3.3882915173237755,1497,0,146,189,11,64,52,189,123,0.6507936507936508,257.8181818181818,201,837,14.0,0.07526881720430108,0,0.19634038620498231,0.231370038818568,5093.195645219853,0,,,,,0
8,MOT17-05-FRCNN,05,FRCNN,MOT17-05-FRCNN,cost,cost,1,1,,True,0.5,837,127,3549,4.240143369175628,293,6,60,83,34,57,36,83,44,0.5301204819277109,394.3333333333333,286,837,14.0,0.0035842293906810036,0,0.13563454456030966,0.2165819751098752,7372.75303457337,0,,,,,0
8,MOT17-05-SDP,05,SDP,MOT17-05-FRCNN,cost,cost,1,1,,True,0.5,837,127,4610,5.507765830346475,117,40,147,238,59,60,8,238,149,0.6260504201680672,354.61538461538464,295,837,14.0,0.08004778972520908,0,0.25180989810740717,0.26733800768852234,3971.2497702272976,0,,,,,2
8,MOT17-09-DPM,09,DPM,MOT17-09-FRCNN,cost,cost,1,1,,True,0.0,525,26,3469,6.607619047619048,2110,397,252,211,7,15,4,211,121,0.5734597156398105,247.78571428571428,252.0,525,30.0,0.12,0,0.33003036287568865,0.31475804280489683,3030.024241668535,0,,,,,10
8,MOT17-09-FRCNN,09,FRCNN,MOT17-09-FRCNN,cost,cost,1,1,,True,0.5,525,26,2937,5.594285714285714,105,7,19,43,9,15,2,43,25,0.5813953488372093,293.7,297.5,525,30.0,0.13523809523809524,0,0.29870018407347654,0.24700898211449385,3347.8385796843445,0,,,,,0
8,MOT17-09-SDP,09,SDP,MOT17-09-FRCNN,cost,cost,1,1,,True,0.5,525,26,3478,6.624761904761905,38,91,64,200,14,12,0,200,153,0.765,347.8,388.5,525,30.0,0.1219047619047619,0,0.31539733887517024,0.28930901316925883,3170.603796361724,0,,,,,2
8,MOT17-10-DPM,10,DPM,MOT17-10-FRCNN,cost,cost,1,1,,True,0.0,654,57,5203,7.95565749235474,3602,27,321,520,5,20,32,520,342,0.6576923076923077,325.1875,363.0,654,30.0,0.01834862385321101,0,0.28954863764376976,0.4333740216679871,3453.6512004946644,0,,,,,20
8,MOT17-10-FRCNN,10,FRCNN,MOT17-10-FRCNN,cost,cost,1,1,,True,0.5,654,57,8184,12.513761467889909,880,637,297,354,19,33,5,354,178,0.5028248587570622,430.7368421052632,444,654,30.0,0.19724770642201836,1,0.45313109467176305,0.6162910140119493,2206.86686868041,0,,,,,3
8,MOT17-10-SDP,10,SDP,MOT17-10-FRCNN,cost,cost,1,1,,True,0.5,654,57,10038,15.34862385321101,210,123,425,510,37,17,3,510,311,0.6098039215686275,418.25,500.0,654,30.0,0.6987767584097859,1,0.6154813097586246,0.9069740190170705,1624.7447065324752,0,,,,,1
8,MOT17-11-DPM,11,DPM,MOT17-11-FRCNN,cost,cost,1,1,,True,0.0,900,74,5642,6.268888888888889,2846,102,183,145,14,25,35,145,79,0.5448275862068965,564.2,640.0,900,30.0,0.06888888888888889,0,0.2625634382194322,0.2799319918267429,3808.6033866004977,0,,,,,5
8,MOT17-11-FRCNN,11,FRCNN,MOT17-11-FRCNN,cost,cost,1,1,,True,0.5,900,74,5673,6.303333333333334,334,0,60,62,23,29,22,62,23,0.3709677419354839,354.5625,254.5,900,30.0,0.07333333333333333,0,0.2490493128102066,0.3400470013730228,4015.269059433509,0,,,,,2
8,MOT17-11-SDP,11,SDP,MOT17-11-FRCNN,cost,cost,1,1,,True,0.5,900,74,7183,7.981111111111111,110,216,137,224,37,27,10,224,160,0.7142857142857143,359.15,298.0,900,30.0,0.13,1,0.343823740646864,0.5579110002145171,2908.466989855376,0,,,,,6
8,MOT17-13-DPM,13,DPM,MOT17-13-FRCNN,cost,cost,1,1,,True,0.0,750,110,2287,3.0493333333333332,3054,14,295,296,6,28,76,296,152,0.5135135135135135,207.9090909090909,155,750,25.0,0.0026666666666666666,0,0.11883583230276902,0.2290149568580091,8414.97030501884,0,,,,,20
8,MOT17-13-FRCNN,13,FRCNN,MOT17-13-FRCNN,cost,cost,1,1,,True,0.5,750,110,7336,9.781333333333333,1103,3,489,377,32,53,25,377,169,0.4482758620689655,282.15384615384613,171.5,750,25.0,0.28933333333333333,1,0.40436626474062604,1.0822369949892163,2473.005508116344,0,,,,,9
8,MOT17-13-SDP,13,SDP,MOT17-13-FRCNN,cost,cost,1,1,,True,0.5,750,110,7226,9.634666666666666,306,212,405,351,48,20,42,351,208,0.5925925925925926,267.6296296296296,221,750,25.0,0.3,1,0.4151789993823816,1.1871869792230427,2408.5996678242286,0,,,,,10
10,MOT17-02-DPM,02,DPM,MOT17-02-FRCNN,cost,cost,1,1,,True,0.0,600,59,4070,6.783333333333333,3034,163,259,322,4,14,41,322,184,0.5714285714285714,339.1666666666667,340.0,600,30.0,0.0033333333333333335,0,0.22054255639280504,0.33239199547097087,4534.272279944534,0,,,,,3
10,MOT17-02-FRCNN,02,FRCNN,MOT17-02-FRCNN,cost,cost,1,1,,True,0.5,600,59,6377,10.628333333333334,612,1197,109,134,12,22,25,134,57,0.4253731343283582,398.5625,458.5,600,30.0,0.03833333333333333,0,0.35505327172965434,0.49943901831284165,2816.4787642385754,0,,,,,0
10,MOT17-02-SDP,02,SDP,MOT17-02-FRCNN,cost,cost,1,1,,True,0.5,600,59,9470,15.783333333333333,240,1929,691,871,18,30,11,871,470,0.539609644087256,394.5833333333333,422.0,600,30.0,0.8666666666666667,1,0.6773423178431889,0.941199017688632,1476.358369552675,0,,,,,11
10,MOT17-04-DPM,04,DPM,MOT17-04-FRCNN,cost,cost,1,1,,True,0.0,1050,83,22370,21.304761904761904,16534,533,1179,1312,6,43,34,1312,699,0.5327743902439024,657.9411764705883,683.5,1050,30.0,1.0952380952380953,1,1.065475609918524,1.4567089965566993,938.547997430433,0,,,,,157
10,MOT17-04-FRCNN,04,FRCNN,MOT17-04-FRCNN,cost,cost,1,1,,True,0.5,1050,83,25745,24.51904761904762,582,2079,72,108,16,41,26,108,41,0.37962962962962965,780.1515151515151,889,1050,30.0,1.0571428571428572,2,1.1317083286121488,1.5387849998660386,883.6198998608882,0,,,,,6
10,MOT17-04-SDP,04,SDP,MOT17-04-FRCNN,cost,cost,1,1,,True,0.5,1050,83,35771,34.06761904761905,316,1063,528,1318,39,31,13,1318,1026,0.7784522003034902,851.6904761904761,954.0,1050,30.0,2.1714285714285713,3,2.1945126164549342,2.7380139799788594,455.6820464379115,0,,,,,66
10,MOT17-05-DPM,05,DPM,MOT17-05-FRCNN,cost,cost,1,1,,True,0.0,837,127,2836,3.3882915173237755,1497,0,155,189,11,64,52,189,123,0.6507936507936508,257.8181818181818,219,837,14.0,0.07048984468339307,0,0.19106375861060645,0.22263400023803115,5233.854956439067,0,,,,,0
10,MOT17-05-FRCNN,05,FRCNN,MOT17-05-FRCNN,cost,cost,1,1,,True,0.5,837,127,3549,4.240143369175628,293,6,60,83,34,57,36,83,44,0.5301204819277109,394.3333333333333,286,837,14.0,0.005973715651135006,0,0.14009430906885573,0.21824496798217297,7138.048694815322,0,,,,,0
10,MOT17-05-SDP,05,SDP,MOT17-05-FRCNN,cost,cost,1,1,,True,0.5,837,127,4610,5.507765830346475,117,40,169,238,59,60,8,238,155,0.6512605042016807,329.2857142857143,350.5,837,14.0,0.08243727598566308,0,0.2602106444270594,0.28248701710253954,3843.040326816122,0,,,,,2
10,MOT17-09-DPM,09,DPM,MOT17-09-FRCNN,cost,cost,1,1,,True,0.0,525,26,3469,6.607619047619048,2110,397,248,211,7,15,4,211,115,0.5450236966824644,247.78571428571428,237.0,525,30.0,0.13142857142857142,0,0.3424894586870713,0.32570899929851294,2919.797893440243,0,,,,,10
10,MOT17-09-FRCNN,09,FRCNN,MOT17-09-FRCNN,cost,cost,1,1,,True,0.5,525,26,2937,5.594285714285714,105,7,16,43,9,15,2,43,28,0.6511627906976745,293.7,243.5,525,30.0,0.12380952380952381,0,0.28603782544710804,0.22782298037782311,3496.0411212639165,0,,,,,0
10,MOT17-09-SDP,09,SDP,MOT17-09-FRCNN,cost,cost,1,1,,True,0.5,525,26,3478,6.624761904761905,38,91,63,200,14,12,0,200,155,0.775,347.8,370.5,525,30.0,0.12571428571428572,0,0.3254159597591275,0.2797720371745527,3072.9900301761436,0,,,,,1
10,MOT17-10-DPM,10,DPM,MOT17-10-FRCNN,cost,cost,1,1,,True,0.0,654,57,5203,7.95565749235474,3602,27,349,520,5,20,32,520,332,0.6384615384615384,325.1875,381.0,654,30.0,0.016819571865443424,0,0.2928113895760342,0.4362589679658413,3415.167700436497,0,,,,,19
10,MOT17-10-FRCNN,10,FRCNN,MOT17-10-FRCNN,cost,cost,1,1,,True,0.5,654,57,8184,12.513761467889909,880,637,297,354,19,33,5,354,178,0.5028248587570622,430.7368421052632,444,654,30.0,0.20489296636085627,1,0.45971711127397913,0.6376620149239898,2175.2507693889747,0,,,,,3
10,MOT17-10-SDP,10,SDP,MOT17-10-FRCNN,cost,cost,1,1,,True,0.5,654,57,10038,15.34862385321101,210,123,425,510,37,17,3,510,311,0.6098039215686275,418.25,500.0,654,30.0,0.7003058103975535,1,0.6231895487916453,0.9219219791702926,1604.6482196933248,0,,,,,1
10,MOT17-11-DPM,11,DPM,MOT17-11-FRCNN,cost,cost,1,1,,True,0.0,900,74,5642,6.268888888888889,2846,102,195,145,14,25,35,145,76,0.5241379310344828,564.2,614.0,900,30.0,0.07111111111111111,0,0.2639961871318519,0.2720070187933743,3787.933495799141,0,,,,,0
10,MOT17-11-FRCNN,11,FRCNN,MOT17-11-FRCNN,cost,cost,1,1,,True,0.5,900,74,5673,6.303333333333334,334,0,75,62,23,29,22,62,22,0.3548387096774194,354.5625,286.0,900,30.0,0.07666666666666666,0,0.2531489661325597,0.322503037750721,3950.243270898278,0,,,,,3
10,MOT17-11-SDP,11,SDP,MOT17-11-FRCNN,cost,cost,1,1,,True,0.5,900,74,7183,7.981111111111111,110,216,155,224,37,27,10,224,162,0.7232142857142857,359.15,199.5,900,30.0,0.13,1,0.33859393197215265,0.5408879951573908,2953.390198623654,0,,,,,6
10,MOT17-13-DPM,13,DPM,MOT17-13-FRCNN,cost,cost,1,1,,True,0.0,750,110,2287,3.0493333333333332,3054,14,272,296,6,28,76,296,156,0.527027027027027,207.9090909090909,178,750,25.0,0.0013333333333333333,0,0.11740887894605596,0.22785301553085446,8517.243405922089,0,,,,,15
10,MOT17-13-FRCNN,13,FRCNN,MOT17-13-FRCNN,cost,cost,1,1,,True,0.5,750,110,7336,9.781333333333333,1103,3,489,377,32,53,25,377,169,0.4482758620689655,282.15384615384613,171.5,750,25.0,0.28933333333333333,1,0.40525624497483176,1.0596339707262814,2467.574559059798,0,,,,,9
10,MOT17-13-SDP,13,SDP,MOT17-13-FRCNN,cost,cost,1,1,,True,0.5,750,110,7226,9.634666666666666,306,212,413,351,48,20,42,351,207,0.5897435897435898,267.6296296296296,221,750,25.0,0.29333333333333333,1,0.40208834254493314,1.169161987490952,2487.0156485281605,0,,,,,10
12,MOT17-02-DPM,02,DPM,MOT17-02-FRCNN,cost,cost,1,1,,True,0.0,600,59,4070,6.783333333333333,3034,163,265,322,4,14,41,322,183,0.5683229813664596,339.1666666666667,351.5,600,30.0,0.0033333333333333335,0,0.21926459080229202,0.3345859586261213,4560.699912106131,0,,,,,3
12,MOT17-02-FRCNN,02,FRCNN,MOT17-02-FRCNN,cost,cost,1,1,,True,0.5,600,59,6377,10.628333333333334,612,1197,118,134,12,22,25,134,57,0.4253731343283582,398.5625,438.0,600,30.0,0.04666666666666667,0,0.35239183528271195,0.5042480188421905,2837.7501970150192,0,,,,,0
12,MOT17-02-SDP,02,SDP,MOT17-02-FRCNN,cost,cost,1,1,,True,0.5,600,59,9470,15.783333333333333,240,1929,691,871,18,30,11,871,470,0.539609644087256,394.5833333333333,422.0,600,30.0,0.895,1,0.6849860514436538,0.9629810228943825,1459.8837420009258,0,,,,,11
12,MOT17-04-DPM,04,DPM,MOT17-04-FRCNN,cost,cost,1,1,,True,0.0,1050,83,22370,21.304761904761904,16534,533,1179,1312,6,43,34,1312,699,0.5327743902439024,657.9411764705883,683.5,1050,30.0,1.1,1,1.0593624658594352,1.4303189818747342,943.9639709990331,0,,,,,157
12,MOT17-04-FRCNN,04,FRCNN,MOT17-04-FRCNN,cost,cost,1,1,,True,0.5,1050,83,25745,24.51904761904762,582,2079,72,108,16,41,26,108,41,0.37962962962962965,780.1515151515151,889,1050,30.0,1.081904761904762,2,1.1848396999717115,1.5767160221002996,843.9960274996486,0,,,,,6
12,MOT17-04-SDP,04,SDP,MOT17-04-FRCNN,cost,cost,1,1,,True,0.5,1050,83,35771,34.06761904761905,316,1063,528,1318,39,31,13,1318,1026,0.7784522003034902,851.6904761904761,954.0,1050,30.0,2.118095238095238,3,2.1679712930649875,2.7452369686216116,461.26072019442734,0,,,,,66
12,MOT17-05-DPM,05,DPM,MOT17-05-FRCNN,cost,cost,1,1,,True,0.0,837,127,2836,3.3882915173237755,1497,0,160,189,11,64,52,189,120,0.6349206349206349,257.8181818181818,283,837,14.0,0.07885304659498207,0,0.20523812295535185,0.23609900381416082,4872.389133170659,0,,,,,0
12,MOT17-05-FRCNN,05,FRCNN,MOT17-05-FRCNN,cost,cost,1,1,,True,0.5,837,127,3549,4.240143369175628,293,6,60,83,34,57,36,83,44,0.5301204819277109,394.3333333333333,286,837,14.0,0.0035842293906810036,0,0.13197455136550496,0.21310499869287014,7577.218408043602,0,,,,,0
12,MOT17-05-SDP,05,SDP,MOT17-05-FRCNN,cost,cost,1,1,,True,0.5,837,127,4610,5.507765830346475,117,40,155,238,59,60,8,238,151,0.634453781512605,354.61538461538464,372,837,14.0,0.07287933094384708,0,0.24553445132233406,0.27204700745642185,4072.748221744306,0,,,,,1
12,MOT17-09-DPM,09,DPM,MOT17-09-FRCNN,cost,cost,1,1,,True,0.0,525,26,3469,6.607619047619048,2110,397,253,211,7,15,4,211,111,0.5260663507109005,247.78571428571428,274.5,525,30.0,0.11428571428571428,0,0.32230196908737224,0.317834026645869,3102.680392650384,0,,,,,8
12,MOT17-09-FRCNN,09,FRCNN,MOT17-09-FRCNN,cost,cost,1,1,,True,0.5,525,26,2937,5.594285714285714,105,7,16,43,9,15,2,43,28,0.6511627906976745,293.7,243.5,525,30.0,0.12,0,0.28263152410675374,0.2281030174344778,3538.17573308732,0,,,,,0
12,MOT17-09-SDP,09,SDP,MOT17-09-FRCNN,cost,cost,1,1,,True,0.5,525,26,3478,6.624761904761905,38,91,63,200,14,12,0,200,155,0.775,347.8,370.5,525,30.0,0.12380952380952381,0,0.31748301371754634,0.2824469702318311,3149.7748124870245,0,,,,,1
12,MOT17-10-DPM,10,DPM,MOT17-10-FRCNN,cost,cost,1,1,,True,0.0,654,57,5203,7.95565749235474,3602,27,367,520,5,20,32,520,317,0.6096153846153847,325.1875,404.5,654,30.0,0.013761467889908258,0,0.2849681249681564,0.40642201201990247,3509.164402551143,0,,,,,26
12,MOT17-10-FRCNN,10,FRCNN,MOT17-10-FRCNN,cost,cost,1,1,,True,0.5,654,57,8184,12.513761467889909,880,637,297,354,19,33,5,354,178,0.5028248587570622,430.7368421052632,444,654,30.0,0.20336391437308868,1,0.4537453453429613,0.6338039529509842,2203.8793571406327,0,,,,,3
12,MOT17-10-SDP,10,SDP,MOT17-10-FRCNN,cost,cost,1,1,,True,0.5,654,57,10038,15.34862385321101,210,123,425,510,37,17,3,510,311,0.6098039215686275,418.25,500.0,654,30.0,0.6804281345565749,1,0.612027952390572,0.9406169992871583,1633.9123010542494,0,,,,,1
12,MOT17-11-DPM,11,DPM,MOT17-11-FRCNN,cost,cost,1,1,,True,0.0,900,74,5642,6.268888888888889,2846,102,195,145,14,25,35,145,76,0.5241379310344828,564.2,614.0,900,30.0,0.07111111111111111,0,0.2642790351658025,0.2731190179474652,3783.879411292021,0,,,,,0
12,MOT17-11-FRCNN,11,FRCNN,MOT17-11-FRCNN,cost,cost,1,1,,True,0.5,900,74,5673,6.303333333333334,334,0,75,62,23,29,22,62,22,0.3548387096774194,354.5625,286.0,900,30.0,0.07555555555555556,0,0.25649726242085713,0.34549704287201166,3898.677087473994,0,,,,,3
12,MOT17-11-SDP,11,SDP,MOT17-11-FRCNN,cost,cost,1,1,,True,0.5,900,74,7183,7.981111111111111,110,216,144,224,37,27,10,224,159,0.7098214285714286,359.15,200.0,900,30.0,0.12777777777777777,1,0.33419070817116237,0.5353469750843942,2992.3034230138746,0,,,,,4
12,MOT17-13-DPM,13,DPM,MOT17-13-FRCNN,cost,cost,1,1,,True,0.0,750,110,2287,3.0493333333333332,3054,14,295,296,6,28,76,296,150,0.5067567567567568,207.9090909090909,104,750,25.0,0.0013333333333333333,0,0.113870938308537,0.21997798467054963,8781.871958325903,0,,,,,15
12,MOT17-13-FRCNN,13,FRCNN,MOT17-13-FRCNN,cost,cost,1,1,,True,0.5,750,110,7336,9.781333333333333,1103,3,494,377,32,53,25,377,168,0.44562334217506633,282.15384615384613,171.5,750,25.0,0.288,1,0.40874890618336696,1.0908839758485556,2446.489727244419,0,,,,,9
12,MOT17-13-SDP,13,SDP,MOT17-13-FRCNN,cost,cost,1,1,,True,0.5,750,110,7226,9.634666666666666,306,212,407,351,48,20,42,351,207,0.5897435897435898,267.6296296296296,214,750,25.0,0.3,1,0.4032065209466964,1.1707050143741071,2480.118619242766,0,,,,,11
15,MOT17-02-DPM,02,DPM,MOT17-02-FRCNN,cost,cost,1,1,,True,0.0,600,59,4070,6.783333333333333,3034,163,265,322,4,14,41,322,183,0.5683229813664596,339.1666666666667,351.5,600,30.0,0.0033333333333333335,0,0.21775127369134376,0.3416790277697146,4592.395640438235,0,,,,,3
15,MOT17-02-FRCNN,02,FRCNN,MOT17-02-FRCNN,cost,cost,1,1,,True,0.5,600,59,6377,10.628333333333334,612,1197,109,134,12,22,25,134,63,0.4701492537313433,398.5625,478.0,600,30.0,0.05,0,0.35615325478526455,0.5089479964226484,2807.780040092375,0,,,,,3
15,MOT17-02-SDP,02,SDP,MOT17-02-FRCNN,cost,cost,1,1,,True,0.5,600,59,9470,15.783333333333333,240,1929,691,871,18,30,11,871,470,0.539609644087256,394.5833333333333,422.0,600,30.0,0.8816666666666667,1,0.689269638096448,0.9802329586818814,1450.8110392932645,0,,,,,11
15,MOT17-04-DPM,04,DPM,MOT17-04-FRCNN,cost,cost,1,1,,True,0.0,1050,83,22370,21.304761904761904,16534,533,1179,1312,6,43,34,1312,699,0.5327743902439024,657.9411764705883,683.5,1050,30.0,1.098095238095238,1,1.0607203738098698,1.4266110374592245,942.7555317036329,0,,,,,157
15,MOT17-04-FRCNN,04,FRCNN,MOT17-04-FRCNN,cost,cost,1,1,,True,0.5,1050,83,25745,24.51904761904762,582,2079,72,108,16,41,26,108,41,0.37962962962962965,780.1515151515151,889,1050,30.0,1.0723809523809524,2,1.144020746384437,1.5785599825903773,874.1100221830766,0,,,,,6
15,MOT17-04-SDP,04,SDP,MOT17-04-FRCNN,cost,cost,1,1,,True,0.5,1050,83,35771,34.06761904761905,316,1063,528,1318,39,31,13,1318,1026,0.7784522003034902,851.6904761904761,954.0,1050,30.0,2.1619047619047618,3,2.1817912993442623,2.841600973624736,458.3389805892755,0,,,,,66
15,MOT17-05-DPM,05,DPM,MOT17-05-FRCNN,cost,cost,1,1,,True,0.0,837,127,2836,3.3882915173237755,1497,0,160,189,11,64,52,189,120,0.6349206349206349,257.8181818181818,283,837,14.0,0.07407407407407407,0,0.19738305906132042,0.22826303029432893,5066.29092058672,0,,,,,0
15,MOT17-05-FRCNN,05,FRCNN,MOT17-05-FRCNN,cost,cost,1,1,,True,0.5,837,127,3549,4.240143369175628,293,6,60,83,34,57,36,83,44,0.5301204819277109,394.3333333333333,286,837,14.0,0.0035842293906810036,0,0.13904527718203505,0.22475700825452805,7191.901949253708,0,,,,,0
15,MOT17-05-SDP,05,SDP,MOT17-05-FRCNN,cost,cost,1,1,,True,0.5,837,127,4610,5.507765830346475,117,40,155,238,59,60,8,238,151,0.634453781512605,354.61538461538464,372,837,14.0,0.08004778972520908,0,0.2564771528986673,0.2652140101417899,3898.98276980287,0,,,,,1
15,MOT17-09-DPM,09,DPM,MOT17-09-FRCNN,cost,cost,1,1,,True,0.0,525,26,3469,6.607619047619048,2110,397,246,211,7,15,4,211,112,0.5308056872037915,247.78571428571428,249.5,525,30.0,0.12571428571428572,0,0.3382675938441285,0.315248966217041,2956.2394335083527,0,,,,,8
15,MOT17-09-FRCNN,09,FRCNN,MOT17-09-FRCNN,cost,cost,1,1,,True,0.5,525,26,2937,5.594285714285714,105,7,16,43,9,15,2,43,28,0.6511627906976745,293.7,243.5,525,30.0,0.12571428571428572,0,0.2896853373385966,0.23377500474452972,3452.0214560640925,0,,,,,0
15,MOT17-09-SDP,09,SDP,MOT17-09-FRCNN,cost,cost,1,1,,True,0.5,525,26,3478,6.624761904761905,38,91,63,200,14,12,0,200,155,0.775,347.8,370.5,525,30.0,0.13142857142857142,0,0.32913640817804707,0.29233499662950635,3038.2539735897217,0,,,,,1
15,MOT17-10-DPM,10,DPM,MOT17-10-FRCNN,cost,cost,1,1,,True,0.0,654,57,5203,7.95565749235474,3602,27,386,520,5,20,32,520,331,0.6365384615384615,325.1875,352.5,654,30.0,0.012232415902140673,0,0.28759858051930137,0.4314699908718467,3477.0686218073592,0,,,,,18
15,MOT17-10-FRCNN,10,FRCNN,MOT17-10-FRCNN,cost,cost,1,1,,True,0.5,654,57,8184,12.513761467889909,880,637,286,354,19,33,5,354,189,0.5338983050847458,430.7368421052632,512,654,30.0,0.19724770642201836,1,0.4551779081481039,0.6158999749459326,2196.9431778192193,0,,,,,6
15,MOT17-10-SDP,10,SDP,MOT17-10-FRCNN,cost,cost,1,1,,True,0.5,654,57,10038,15.34862385321101,210,123,425,510,37,17,3,510,311,0.6098039215686275,418.25,500.0,654,30.0,0.7064220183486238,1,0.6233832271291165,0.955955998506397,1604.1496730756244,0,,,,,1
15,MOT17-11-DPM,11,DPM,MOT17-11-FRCNN,cost,cost,1,1,,True,0.0,900,74,5642,6.268888888888889,2846,102,195,145,14,25,35,145,76,0.5241379310344828,564.2,614.0,900,30.0,0.07555555555555556,0,0.26989313929031294,0.26319100288674235,3705.1701374459212,0,,,,,0
15,MOT17-11-FRCNN,11,FRCNN,MOT17-11-FRCNN,cost,cost,1,1,,True,0.5,900,74,5673,6.303333333333334,334,0,78,62,23,29,22,62,23,0.3709677419354839,354.5625,288.5,900,30.0,0.07777777777777778,0,0.25749683341321844,0.3297060029581189,3883.5429032063025,0,,,,,2
15,MOT17-11-SDP,11,SDP,MOT17-11-FRCNN,cost,cost,1,1,,True,0.5,900,74,7183,7.981111111111111,110,216,144,224,37,27,10,224,160,0.7142857142857143,359.15,199.5,900,30.0,0.13111111111111112,1,0.33711631232613903,0.5439939559437335,2966.335248211194,0,,,,,5
15,MOT17-13-DPM,13,DPM,MOT17-13-FRCNN,cost,cost,1,1,,True,0.0,750,110,2287,3.0493333333333332,3054,14,295,296,6,28,76,296,150,0.5067567567567568,207.9090909090909,104,750,25.0,0.0013333333333333333,0,0.11834690944912533,0.22939598420634866,8449.734806381888,0,,,,,15
15,MOT17-13-FRCNN,13,FRCNN,MOT17-13-FRCNN,cost,cost,1,1,,True,0.5,750,110,7336,9.781333333333333,1103,3,513,377,32,53,25,377,166,0.4403183023872679,282.15384615384613,171.5,750,25.0,0.2906666666666667,1,0.4079841060253481,1.0487230028957129,2451.07587582804,0,,,,,12
15,MOT17-13-SDP,13,SDP,MOT17-13-FRCNN,cost,cost,1,1,,True,0.5,750,110,7226,9.634666666666666,306,212,413,351,48,20,42,351,204,0.5811965811965812,267.6296296296296,214,750,25.0,0.30133333333333334,1,0.4089722338443001,1.2060519657097757,2445.153771443345,0,,,,,15
20,MOT17-02-DPM,02,DPM,MOT17-02-FRCNN,cost,cost,1,1,,True,0.0,600,59,4070,6.783333333333333,3034,163,265,322,4,14,41,322,183,0.5683229813664596,339.1666666666667,351.5,600,30.0,0.0033333333333333335,0,0.2170897961089698,0.3269609878771007,4606.388775168607,0,,,,,3
20,MOT17-02-FRCNN,02,FRCNN,MOT17-02-FRCNN,cost,cost,1,1,,True,0.5,600,59,6377,10.628333333333334,612,1197,106,134,12,22,25,134,64,0.47761194029850745,398.5625,478.0,600,30.0,0.041666666666666664,0,0.35894421763562906,0.5045690340921283,2785.94820829547,0,,,,,3
20,MOT17-02-SDP,02,SDP,MOT17-02-FRCNN,cost,cost,1,1,,True,0.5,600,59,9470,15.783333333333333,240,1929,653,871,18,30,11,871,504,0.5786452353616532,394.5833333333333,455.5,600,30.0,0.9333333333333333,1,0.7150897686369717,1.0136959608644247,1398.4258254821546,0,,,,,8
20,MOT17-04-DPM,04,DPM,MOT17-04-FRCNN,cost,cost,1,1,,True,0.0,1050,83,22370,21.304761904761904,16534,533,1174,1312,6,43,34,1312,698,0.5320121951219512,657.9411764705883,650.0,1050,30.0,1.100952380952381,1,1.0698803153354675,1.4590329956263304,934.6839881678204,0,,,,,162
20,MOT17-04-FRCNN,04,FRCNN,MOT17-04-FRCNN,cost,cost,1,1,,True,0.5,1050,83,25745,24.51904761904762,582,2079,72,108,16,41,26,108,41,0.37962962962962965,780.1515151515151,889,1050,30.0,1.0457142857142858,1,1.131659943632604,1.5022849547676742,883.6576797001594,0,,,,,6
20,MOT17-04-SDP,04,SDP,MOT17-04-FRCNN,cost,cost,1,1,,True,0.5,1050,83,35771,34.06761904761905,316,1063,528,1318,39,31,13,1318,1026,0.7784522003034902,851.6904761904761,954.0,1050,30.0,2.159047619047619,3,2.1941729992561574,2.758092014119029,455.7525775492672,0,,,,,66
20,MOT17-05-DPM,05,DPM,MOT17-05-FRCNN,cost,cost,1,1,,True,0.0,837,127,2836,3.3882915173237755,1497,0,160,189,11,64,52,189,120,0.6349206349206349,257.8181818181818,283,837,14.0,0.07526881720430108,0,0.19508851751887651,0.22742198780179024,5125.878307539249,0,,,,,0
20,MOT17-05-FRCNN,05,FRCNN,MOT17-05-FRCNN,cost,cost,1,1,,True,0.5,837,127,3549,4.240143369175628,293,6,60,83,34,57,36,83,44,0.5301204819277109,394.3333333333333,286,837,14.0,0.0047789725209080045,0,0.14131489457960908,0.22368499776348472,7076.394904973408,0,,,,,0
20,MOT17-05-SDP,05,SDP,MOT17-05-FRCNN,cost,cost,1,1,,True,0.5,837,127,4610,5.507765830346475,117,40,155,238,59,60,8,238,151,0.634453781512605,354.61538461538464,372,837,14.0,0.08243727598566308,0,0.2609122260929872,0.29984000138938427,3832.706557965618,0,,,,,1
20,MOT17-09-DPM,09,DPM,MOT17-09-FRCNN,cost,cost,1,1,,True,0.0,525,26,3469,6.607619047619048,2110,397,246,211,7,15,4,211,112,0.5308056872037915,247.78571428571428,249.5,525,30.0,0.1180952380952381,0,0.3378719427356763,0.34063804196193814,2959.7012166894224,0,,,,,8
20,MOT17-09-FRCNN,09,FRCNN,MOT17-09-FRCNN,cost,cost,1,1,,True,0.5,525,26,2937,5.594285714285714,105,7,16,43,9,15,2,43,28,0.6511627906976745,293.7,243.5,525,30.0,0.12761904761904763,0,0.2932143640438361,0.23331301053985953,3410.4741193732857,0,,,,,0
20,MOT17-09-SDP,09,SDP,MOT17-09-FRCNN,cost,cost,1,1,,True,0.5,525,26,3478,6.624761904761905,38,91,63,200,14,12,0,200,155,0.775,347.8,370.5,525,30.0,0.12380952380952381,0,0.3189093119553512,0.2777479821816087,3135.6876783203015,0,,,,,1
20,MOT17-10-DPM,10,DPM,MOT17-10-FRCNN,cost,cost,1,1,,True,0.0,654,57,5203,7.95565749235474,3602,27,381,520,5,20,32,520,341,0.6557692307692308,325.1875,345.0,654,30.0,0.013761467889908258,0,0.28897941985455217,0.4212500061839819,3460.454036842193,0,,,,,28
20,MOT17-10-FRCNN,10,FRCNN,MOT17-10-FRCNN,cost,cost,1,1,,True,0.5,654,57,8184,12.513761467889909,880,637,324,354,19,33,5,354,168,0.4745762711864407,430.7368421052632,485,654,30.0,0.24311926605504589,1,0.45564540217570754,0.6211200379766524,2194.6891052230494,0,,,,,9
20,MOT17-10-SDP,10,SDP,MOT17-10-FRCNN,cost,cost,1,1,,True,0.5,654,57,10038,15.34862385321101,210,123,488,510,37,17,3,510,305,0.5980392156862745,418.25,507.5,654,30.0,0.6788990825688074,1,0.6188482591890893,0.9810740011744201,1615.9050060354937,0,,,,,5
20,MOT17-11-DPM,11,DPM,MOT17-11-FRCNN,cost,cost,1,1,,True,0.0,900,74,5642,6.268888888888889,2846,102,195,145,14,25,35,145,76,0.5241379310344828,564.2,614.0,900,30.0,0.07,0,0.26240714081925237,0.26540399994701147,3810.8719026392887,0,,,,,0
20,MOT17-11-FRCNN,11,FRCNN,MOT17-11-FRCNN,cost,cost,1,1,,True,0.5,900,74,5673,6.303333333333334,334,0,81,62,23,29,22,62,23,0.3709677419354839,354.5625,290.0,900,30.0,0.07888888888888888,0,0.2640613482799381,0.3444150206632912,3786.9987656802946,0,,,,,2
20,MOT17-11-SDP,11,SDP,MOT17-11-FRCNN,cost,cost,1,1,,True,0.5,900,74,7183,7.981111111111111,110,216,135,224,37,27,10,224,158,0.7053571428571429,359.15,284.5,900,30.0,0.12111111111111111,1,0.3302548281175809,0.5337439943104982,3027.964816441591,0,,,,,5
20,MOT17-13-DPM,13,DPM,MOT17-13-FRCNN,cost,cost,1,1,,True,0.0,750,110,2287,3.0493333333333332,3054,14,295,296,6,28,76,296,150,0.5067567567567568,207.9090909090909,104,750,25.0,0.0013333333333333333,0,0.11377214686945081,0.22180203814059496,8789.497495792724,0,,,,,15
20,MOT17-13-FRCNN,13,FRCNN,MOT17-13-FRCNN,cost,cost,1,1,,True,0.5,750,110,7336,9.781333333333333,1103,3,420,377,32,53,25,377,169,0.4482758620689655,282.15384615384613,207.5,750,25.0,0.2946666666666667,1,0.41025844868272543,1.0719869751483202,2437.4878889413267,0,,,,,6
20,MOT17-13-SDP,13,SDP,MOT17-13-FRCNN,cost,cost,1,1,,True,0.5,750,110,7226,9.634666666666666,306,212,396,351,48,20,42,351,204,0.5811965811965812,267.6296296296296,179,750,25.0,0.29333333333333333,1,0.3967858231626451,1.0891089914366603,2520.2513336523452,0,,,,,11
30,MOT17-02-DPM,02,DPM,MOT17-02-FRCNN,cost,cost,1,1,,True,0.0,600,59,4070,6.783333333333333,3034,163,265,322,4,14,41,322,183,0.5683229813664596,339.1666666666667,351.5,600,30.0,0.0033333333333333335,0,0.21461673924932256,0.3258290234953165,4659.468797717075,0,,,,,3
30,MOT17-02-FRCNN,02,FRCNN,MOT17-02-FRCNN,cost,cost,1,1,,True,0.5,600,59,6377,10.628333333333334,612,1197,106,134,12,22,25,134,64,0.47761194029850745,398.5625,478.0,600,30.0,0.041666666666666664,0,0.35475316350736347,0.4997499636374414,2818.861402427616,0,,,,,3
30,MOT17-02-SDP,02,SDP,MOT17-02-FRCNN,cost,cost,1,1,,True,0.5,600,59,9470,15.783333333333333,240,1929,725,871,18,30,11,871,476,0.5464982778415615,394.5833333333333,476.0,600,30.0,0.9233333333333333,1,0.7287598373174357,1.0938089690171182,1372.1941698667138,0,,,,,7
30,MOT17-04-DPM,04,DPM,MOT17-04-FRCNN,cost,cost,1,1,,True,0.0,1050,83,22370,21.304761904761904,16534,533,1340,1312,6,43,34,1312,669,0.5099085365853658,639.1428571428571,680,1050,30.0,1.0857142857142856,1,1.0573424023043896,1.4540230040438473,945.7674238927555,0,,,,,174
30,MOT17-04-FRCNN,04,FRCNN,MOT17-04-FRCNN,cost,cost,1,1,,True,0.5,1050,83,25745,24.51904761904762,582,2079,77,108,16,41,26,108,39,0.3611111111111111,780.1515151515151,901,1050,30.0,1.1685714285714286,2,1.2494992487509513,1.5350470202974975,800.3206092357714,0,,,,,7
30,MOT17-04-SDP,04,SDP,MOT17-04-FRCNN,cost,cost,1,1,,True,0.5,1050,83,35771,34.06761904761905,316,1063,528,1318,39,31,13,1318,1026,0.7784522003034902,851.6904761904761,954.0,1050,30.0,2.1885714285714286,3,2.2146151259741083,2.7990289963781834,451.54572831707975,0,,,,,66
30,MOT17-05-DPM,05,DPM,MOT17-05-FRCNN,cost,cost,1,1,,True,0.0,837,127,2836,3.3882915173237755,1497,0,160,189,11,64,52,189,120,0.6349206349206349,257.8181818181818,283,837,14.0,0.07287933094384708,0,0.19667689394196908,0.23305299691855907,5084.481353946219,0,,,,,0
30,MOT17-05-FRCNN,05,FRCNN,MOT17-05-FRCNN,cost,cost,1,1,,True,0.5,837,127,3549,4.240143369175628,293,6,60,83,34,57,36,83,44,0.5301204819277109,394.3333333333333,286,837,14.0,0.0035842293906810036,0,0.13666941348703637,0.2120130229741335,7316.926110134027,0,,,,,0
30,MOT17-05-SDP,05,SDP,MOT17-05-FRCNN,cost,cost,1,1,,True,0.5,837,127,4610,5.507765830346475,117,40,155,238,59,60,8,238,151,0.634453781512605,354.61538461538464,372,837,14.0,0.08004778972520908,0,0.2538094720847709,0.26551500195637345,3939.9632794870863,0,,,,,1
30,MOT17-09-DPM,09,DPM,MOT17-09-FRCNN,cost,cost,1,1,,True,0.0,525,26,3469,6.607619047619048,2110,397,246,211,7,15,4,211,112,0.5308056872037915,247.78571428571428,249.5,525,30.0,0.12571428571428572,0,0.34078259364746155,0.3186659887433052,2934.4221760178766,0,,,,,8
30,MOT17-09-FRCNN,09,FRCNN,MOT17-09-FRCNN,cost,cost,1,1,,True,0.5,525,26,2937,5.594285714285714,105,7,16,43,9,15,2,43,28,0.6511627906976745,293.7,243.5,525,30.0,0.1219047619047619,0,0.28655638319573234,0.23761100601404905,3489.714620375251,0,,,,,0
30,MOT17-09-SDP,09,SDP,MOT17-09-FRCNN,cost,cost,1,1,,True,0.5,525,26,3478,6.624761904761905,38,91,63,200,14,12,0,200,155,0.775,347.8,370.5,525,30.0,0.13523809523809524,0,0.335444144106337,0.2818060456775129,2981.122245147903,0,,,,,1
30,MOT17-10-DPM,10,DPM,MOT17-10-FRCNN,cost,cost,1,1,,True,0.0,654,57,5203,7.95565749235474,3602,27,381,520,5,20,32,520,341,0.6557692307692308,325.1875,345.0,654,30.0,0.024464831804281346,0,0.2966408515619598,0.43341302080079913,3371.079858807406,0,,,,,28
30,MOT17-10-FRCNN,10,FRCNN,MOT17-10-FRCNN,cost,cost,1,1,,True,0.5,654,57,8184,12.513761467889909,880,637,324,354,19,33,5,354,168,0.4745762711864407,430.7368421052632,485,654,30.0,0.2492354740061162,1,0.4649763940748067,0.6293460028246045,2150.6468129199634,0,,,,,9
30,MOT17-10-SDP,10,SDP,MOT17-10-FRCNN,cost,cost,1,1,,True,0.5,654,57,10038,15.34862385321101,210,123,431,510,37,17,3,510,322,0.6313725490196078,418.25,468.0,654,30.0,0.7018348623853211,1,0.6223606256859247,0.9576799930073321,1606.7854532054728,0,,,,,5
30,MOT17-11-DPM,11,DPM,MOT17-11-FRCNN,cost,cost,1,1,,True,0.0,900,74,5642,6.268888888888889,2846,102,195,145,14,25,35,145,76,0.5241379310344828,564.2,614.0,900,30.0,0.07444444444444444,0,0.26306873155085164,0.26747799711301923,3801.287952790004,0,,,,,0
30,MOT17-11-FRCNN,11,FRCNN,MOT17-11-FRCNN,cost,cost,1,1,,True,0.5,900,74,5673,6.303333333333334,334,0,81,62,23,29,22,62,23,0.3709677419354839,354.5625,290.0,900,30.0,0.09222222222222222,0,0.28876551161778885,0.38094300543889403,3463.0174302934206,0,,,,,2
30,MOT17-11-SDP,11,SDP,MOT17-11-FRCNN,cost,cost,1,1,,True,0.5,900,74,7183,7.981111111111111,110,216,135,224,37,27,10,224,158,0.7053571428571429,359.15,284.5,900,30.0,0.12222222222222222,0,0.336049913118283,0.5123229930177331,2975.748425942963,0,,,,,5
30,MOT17-13-DPM,13,DPM,MOT17-13-FRCNN,cost,cost,1,1,,True,0.0,750,110,2287,3.0493333333333332,3054,14,295,296,6,28,76,296,150,0.5067567567567568,207.9090909090909,104,750,25.0,0.0013333333333333333,0,0.11493843304924667,0.22372498642653227,8700.31001354907,0,,,,,15
30,MOT17-13-FRCNN,13,FRCNN,MOT17-13-FRCNN,cost,cost,1,1,,True,0.5,750,110,7336,9.781333333333333,1103,3,431,377,32,53,25,377,174,0.46153846153846156,282.15384615384613,212.5,750,25.0,0.2866666666666667,1,0.41233719831022125,1.1181349982507527,2425.199579611179,0,,,,,10
30,MOT17-13-SDP,13,SDP,MOT17-13-FRCNN,cost,cost,1,1,,True,0.5,750,110,7226,9.634666666666666,306,212,354,351,48,20,42,351,214,0.6096866096866097,267.6296296296296,185,750,25.0,0.29333333333333333,1,0.41152245776417357,1.1786699760705233,2430.001039148776,0,,,,,13
